{
	"format_version": "1.8.0",
	"animations": {
		"1_anim": {
			"loop": true,
			"animation_length": 1.0417,
			"bones": {
				"Head": {
					"rotation": {
						"0.0": [
							-5,
							0,
							0
						],
						"0.0833": [
							-6.61873,
							0,
							0
						],
						"0.125": [
							-6.85,
							0,
							0
						],
						"0.1667": [
							-6.81682,
							0,
							0
						],
						"0.375": [
							-5.32707,
							0,
							0
						],
						"0.4167": [
							-5.09788,
							0,
							0
						],
						"0.4583": [
							-5,
							0,
							0
						],
						"0.5": [
							-5.17111,
							0,
							0
						],
						"0.5417": [
							-5.78745,
							0,
							0
						],
						"0.5833": [
							-6.7118,
							0,
							0
						],
						"0.625": [
							-7.32857,
							0,
							0
						],
						"0.6667": [
							-7.5,
							0,
							0
						],
						"0.7083": [
							-7.38808,
							0,
							0
						],
						"0.9583": [
							-5.36628,
							0,
							0
						],
						"1.0": [
							-5.11206,
							0,
							0
						],
						"1.0417": [
							-5,
							0,
							0
						]
					},
					"position": {
						"0.0": [
							0,
							0,
							0
						],
						"0.0833": [
							0,
							0.11,
							0
						],
						"0.125": [
							0,
							0.03403,
							0
						],
						"0.1667": [
							0,
							-0.23963,
							0
						],
						"0.2083": [
							0,
							-0.65004,
							0
						],
						"0.25": [
							0,
							-0.92388,
							0
						],
						"0.2917": [
							0,
							-1,
							0
						],
						"0.3333": [
							0,
							-0.92781,
							0
						],
						"0.4167": [
							0,
							-0.18204,
							0
						],
						"0.4583": [
							0,
							-0.11,
							0
						],
						"0.5": [
							0,
							-0.14985,
							0
						],
						"0.5417": [
							0,
							-0.24034,
							0
						],
						"0.5833": [
							0,
							-0.35738,
							0
						],
						"0.7083": [
							0,
							-0.75271,
							0
						],
						"0.75": [
							0,
							-0.86973,
							0
						],
						"0.7917": [
							0,
							-0.9602,
							0
						],
						"0.8333": [
							0,
							-1,
							0
						],
						"0.875": [
							0,
							-0.93156,
							0
						],
						"0.9167": [
							0,
							-0.6851,
							0
						],
						"0.9583": [
							0,
							-0.31545,
							0
						],
						"1.0": [
							0,
							-0.06867,
							0
						],
						"1.0417": [
							0,
							0,
							0
						]
					}
				},
				"Body": {
					"rotation": {
						"0.0": [
							0,
							0,
							0
						],
						"0.0417": [
							-0.61954,
							0,
							0
						],
						"0.0833": [
							-1.41151,
							0,
							0
						],
						"0.125": [
							-1.82764,
							0,
							0
						],
						"0.1667": [
							-1.94,
							0,
							0
						],
						"0.2083": [
							-1.85071,
							0,
							0
						],
						"0.4167": [
							-0.20694,
							0,
							0
						],
						"0.4583": [
							0,
							0,
							0
						],
						"0.625": [
							0,
							0,
							0
						],
						"1.0": [
							0.07223,
							0,
							0
						],
						"1.0417": [
							0,
							0,
							0
						]
					},
					"position": {
						"0.0": [
							0,
							0,
							0
						],
						"0.0417": [
							0.07755,
							0.01134,
							0
						],
						"0.0833": [
							0.07977,
							0.09866,
							0
						],
						"0.125": [
							0,
							0.11,
							0
						],
						"0.1667": [
							-0.06375,
							0.01998,
							0
						],
						"0.2083": [
							-0.06365,
							-0.445,
							0
						],
						"0.25": [
							-0.01302,
							-0.90998,
							0
						],
						"0.2917": [
							0,
							-1,
							0
						],
						"0.3333": [
							-0.00137,
							-0.91889,
							0
						],
						"0.4167": [
							-0.00644,
							-0.08096,
							0
						],
						"0.4583": [
							0,
							0,
							0
						],
						"0.625": [
							0,
							0,
							0
						],
						"0.6667": [
							0,
							-0.06846,
							0
						],
						"0.7083": [
							0,
							-0.31516,
							0
						],
						"0.75": [
							0,
							-0.68511,
							0
						],
						"0.7917": [
							0,
							-0.93166,
							0
						],
						"0.8333": [
							0,
							-1,
							0
						],
						"0.875": [
							0,
							-0.93156,
							0
						],
						"0.9167": [
							0,
							-0.6851,
							0
						],
						"0.9583": [
							0,
							-0.31545,
							0
						],
						"1.0": [
							0,
							-0.06867,
							0
						],
						"1.0417": [
							0,
							0,
							0
						]
					}
				},
				"RightArm": {
					"rotation": {
						"0.0": [
							32.5,
							0,
							0
						],
						"0.0417": [
							42.66257,
							0.49307,
							0.09894
						],
						"0.0833": [
							49.40801,
							3.03985,
							0.60997
						],
						"0.125": [
							52.01402,
							5.58683,
							1.12104
						],
						"0.1667": [
							45.62,
							6.08,
							1.22
						],
						"0.2083": [
							27.88413,
							2.83657,
							0.49437
						],
						"0.25": [
							10.01359,
							-5.73435,
							-1.42313
						],
						"0.2917": [
							-7.53139,
							-17.65396,
							-4.0898
						],
						"0.3333": [
							-24.53656,
							-30.71633,
							-7.01214
						],
						"0.375": [
							-40.71197,
							-42.63393,
							-9.67837
						],
						"0.4167": [
							-55.47545,
							-51.20107,
							-11.59502
						],
						"0.4583": [
							-66.96205,
							-54.43897,
							-12.31941
						],
						"0.5": [
							-73.98044,
							-54.51292,
							-11.99113
						],
						"0.5417": [
							-77.15586,
							-54.89472,
							-10.29614
						],
						"0.5833": [
							-75.10567,
							-55.27683,
							-8.59977
						],
						"0.625": [
							-70.27473,
							-55.35092,
							-8.27085
						],
						"0.6667": [
							-62.50085,
							-53.05321,
							-7.92751
						],
						"0.7083": [
							-52.79822,
							-48.0995,
							-7.1873
						],
						"0.75": [
							-42.35448,
							-41.8468,
							-6.25299
						],
						"0.7917": [
							-31.52398,
							-34.91274,
							-5.21686
						],
						"0.875": [
							-9.35252,
							-20.44389,
							-3.05484
						],
						"0.9167": [
							1.76031,
							-13.50946,
							-2.01866
						],
						"0.9583": [
							12.71707,
							-7.25602,
							-1.08424
						],
						"1.0": [
							23.26091,
							-2.30088,
							-0.34381
						],
						"1.0417": [
							32.5,
							0,
							0
						]
					},
					"position": {
						"0.0": [
							0,
							0,
							0
						],
						"0.0417": [
							0,
							0.01134,
							0.00618
						],
						"0.0833": [
							0,
							0.09866,
							0.05382
						],
						"0.125": [
							0,
							0.11,
							0.06
						],
						"0.1667": [
							0,
							0.01999,
							0.01459
						],
						"0.25": [
							0,
							-0.90982,
							-0.4545
						],
						"0.2917": [
							0,
							-1,
							-0.5
						],
						"0.3333": [
							0,
							-0.91888,
							-0.54056
						],
						"0.4167": [
							0,
							-0.08082,
							-0.95959
						],
						"0.4583": [
							0,
							0,
							-1
						],
						"0.625": [
							0,
							0,
							-1
						],
						"0.6667": [
							0,
							-0.06846,
							-0.96577
						],
						"0.7083": [
							0,
							-0.31516,
							-0.84242
						],
						"0.75": [
							0,
							-0.68511,
							-0.65744
						],
						"0.7917": [
							0,
							-0.93166,
							-0.53417
						],
						"0.8333": [
							0,
							-1,
							-0.5
						],
						"0.875": [
							0,
							-0.93156,
							-0.46578
						],
						"0.9167": [
							0,
							-0.6851,
							-0.34255
						],
						"0.9583": [
							0,
							-0.31545,
							-0.15772
						],
						"1.0": [
							0,
							-0.06867,
							-0.03434
						],
						"1.0417": [
							0,
							0,
							0
						]
					}
				},
				"LeftArm": {
					"relative_to": {
						"rotation": "entity"
					},